source_id,api_name,api_mode,api_version,source_url,schema_name,property_path,payload_json_path,json_pointer,property_name,type,format,required,nullable,description,enum,ref,item_type,item_ref,example
lookupcommand_v1,lookup,command,1.0,https://api.fenergox.com/lookupcommand/swagger/1.0/swagger.json,ApproveAction,comment,$.comment,#/components/schemas/ApproveAction/properties/comment,comment,string,,False,True,,,,,,
lookupcommand_v1,lookup,command,1.0,https://api.fenergox.com/lookupcommand/swagger/1.0/swagger.json,ApproveAction,decision,$.decision,#/components/schemas/ApproveAction/properties/decision,decision,,,False,False,,,,,,
lookupcommand_v1,lookup,command,1.0,https://api.fenergox.com/lookupcommand/swagger/1.0/swagger.json,ApproveAction,created,$.created,#/components/schemas/ApproveAction/properties/created,created,string,date-time,False,False,,,,,,
lookupcommand_v1,lookup,command,1.0,https://api.fenergox.com/lookupcommand/swagger/1.0/swagger.json,ApproveActionServiceRequest,data,$.data,#/components/schemas/ApproveActionServiceRequest/properties/data,data,,,False,True,,,,,,
lookupcommand_v1,lookup,command,1.0,https://api.fenergox.com/lookupcommand/swagger/1.0/swagger.json,Approver,subject,$.subject,#/components/schemas/Approver/properties/subject,subject,string,,False,True,,,,,,
lookupcommand_v1,lookup,command,1.0,https://api.fenergox.com/lookupcommand/swagger/1.0/swagger.json,Approver,successor,$.successor,#/components/schemas/Approver/properties/successor,successor,,,False,True,,,,,,
lookupcommand_v1,lookup,command,1.0,https://api.fenergox.com/lookupcommand/swagger/1.0/swagger.json,Approver,action,$.action,#/components/schemas/Approver/properties/action,action,,,False,True,,,,,,
lookupcommand_v1,lookup,command,1.0,https://api.fenergox.com/lookupcommand/swagger/1.0/swagger.json,Approver,hasProcessedRequest,$.hasProcessedRequest,#/components/schemas/Approver/properties/hasProcessedRequest,hasProcessedRequest,boolean,,False,False,,,,,,
lookupcommand_v1,lookup,command,1.0,https://api.fenergox.com/lookupcommand/swagger/1.0/swagger.json,BulkDeleteLookupDto,ids,$.ids,#/components/schemas/BulkDeleteLookupDto/properties/ids,ids,array,,True,False,The list of lookups'UiDs sent by user to be deleted,,,string,,
lookupcommand_v1,lookup,command,1.0,https://api.fenergox.com/lookupcommand/swagger/1.0/swagger.json,CreateLinkVersionDto,name,$.name,#/components/schemas/CreateLinkVersionDto/properties/name,name,string,,True,False,Lookup Link Name,,,,,
lookupcommand_v1,lookup,command,1.0,https://api.fenergox.com/lookupcommand/swagger/1.0/swagger.json,CreateLinkVersionDto,parentLookupId,$.parentLookupId,#/components/schemas/CreateLinkVersionDto/properties/parentLookupId,parentLookupId,string,uuid,True,False,Parent Lookup Id Linked,,,,,
lookupcommand_v1,lookup,command,1.0,https://api.fenergox.com/lookupcommand/swagger/1.0/swagger.json,CreateLinkVersionDto,parentLookupVersion,$.parentLookupVersion,#/components/schemas/CreateLinkVersionDto/properties/parentLookupVersion,parentLookupVersion,integer,int32,True,False,Parent Lookup Version Linked,,,,,
lookupcommand_v1,lookup,command,1.0,https://api.fenergox.com/lookupcommand/swagger/1.0/swagger.json,CreateLinkVersionDto,childLookupId,$.childLookupId,#/components/schemas/CreateLinkVersionDto/properties/childLookupId,childLookupId,string,uuid,True,False,Child Lookup Id Linked,,,,,
lookupcommand_v1,lookup,command,1.0,https://api.fenergox.com/lookupcommand/swagger/1.0/swagger.json,CreateLinkVersionDto,childLookupVersion,$.childLookupVersion,#/components/schemas/CreateLinkVersionDto/properties/childLookupVersion,childLookupVersion,integer,int32,True,False,Child Lookup Version Linked,,,,,
lookupcommand_v1,lookup,command,1.0,https://api.fenergox.com/lookupcommand/swagger/1.0/swagger.json,CreateLinkVersionDto,properties,$.properties,#/components/schemas/CreateLinkVersionDto/properties/properties,properties,object,,True,False,Linked Values Properties,,,,,
lookupcommand_v1,lookup,command,1.0,https://api.fenergox.com/lookupcommand/swagger/1.0/swagger.json,CreateLinkVersionDto,effectiveFrom,$.effectiveFrom,#/components/schemas/CreateLinkVersionDto/properties/effectiveFrom,effectiveFrom,string,date-time,False,False,The date that the version takes effect when published,,,,,
lookupcommand_v1,lookup,command,1.0,https://api.fenergox.com/lookupcommand/swagger/1.0/swagger.json,CreateLinkVersionDto,notes,$.notes,#/components/schemas/CreateLinkVersionDto/properties/notes,notes,string,,False,True,Optional description of the references and details of changes made that will be visible to all users who can access the version. It's assumed that version notes won't contain 'personal identifiable information'. Please note that having many versions with very long notes could hurt API performance in the long term.,,,,,Example Notes
lookupcommand_v1,lookup,command,1.0,https://api.fenergox.com/lookupcommand/swagger/1.0/swagger.json,CreateLinkVersionDtoServiceRequest,data,$.data,#/components/schemas/CreateLinkVersionDtoServiceRequest/properties/data,data,,,False,True,,,,,,
lookupcommand_v1,lookup,command,1.0,https://api.fenergox.com/lookupcommand/swagger/1.0/swagger.json,CreateLookupItemsDto,lookupId,$.lookupId,#/components/schemas/CreateLookupItemsDto/properties/lookupId,lookupId,string,uuid,False,False,Lookup UiD,,,,,e1809731-77df-4e72-98e7-0d314b7a5151
lookupcommand_v1,lookup,command,1.0,https://api.fenergox.com/lookupcommand/swagger/1.0/swagger.json,CreateLookupItemsDto,lookupName,$.lookupName,#/components/schemas/CreateLookupItemsDto/properties/lookupName,lookupName,string,,True,False,Lookup Name,,,,,Test1
lookupcommand_v1,lookup,command,1.0,https://api.fenergox.com/lookupcommand/swagger/1.0/swagger.json,CreateLookupItemsDto,items,$.items,#/components/schemas/CreateLookupItemsDto/properties/items,items,array,,True,False,Lookup items collection,,,object,#/components/schemas/LookupItemDto,
lookupcommand_v1,lookup,command,1.0,https://api.fenergox.com/lookupcommand/swagger/1.0/swagger.json,CreateLookupItemsDto,items[].id,$.items[*].id,#/components/schemas/CreateLookupItemsDto/properties/items/items/properties/id,id,string,,False,True,Id of Item,,,,,D64AA6E3-C4BB-45B4-95A6-F9FC07DD1958
lookupcommand_v1,lookup,command,1.0,https://api.fenergox.com/lookupcommand/swagger/1.0/swagger.json,CreateLookupItemsDto,items[].value,$.items[*].value,#/components/schemas/CreateLookupItemsDto/properties/items/items/properties/value,value,string,,False,True,Value of Item,,,,,Ireland
lookupcommand_v1,lookup,command,1.0,https://api.fenergox.com/lookupcommand/swagger/1.0/swagger.json,CreateLookupItemsDto,columns,$.columns,#/components/schemas/CreateLookupItemsDto/properties/columns,columns,array,,False,True,Lookup metadata column collection,,,object,#/components/schemas/MetadataColumnDto,
lookupcommand_v1,lookup,command,1.0,https://api.fenergox.com/lookupcommand/swagger/1.0/swagger.json,CreateLookupItemsDto,columns[].type,$.columns[*].type,#/components/schemas/CreateLookupItemsDto/properties/columns/items/properties/type,type,string,,True,False,Type of column,,,,,string
lookupcommand_v1,lookup,command,1.0,https://api.fenergox.com/lookupcommand/swagger/1.0/swagger.json,CreateLookupItemsDto,columns[].name,$.columns[*].name,#/components/schemas/CreateLookupItemsDto/properties/columns/items/properties/name,name,string,,True,False,Name of column,,,,,Text name
lookupcommand_v1,lookup,command,1.0,https://api.fenergox.com/lookupcommand/swagger/1.0/swagger.json,CreateLookupItemsDto,columns[].values,$.columns[*].values,#/components/schemas/CreateLookupItemsDto/properties/columns/items/properties/values,values,object,,True,False,Column values - key is lookup value,,,,,
lookupcommand_v1,lookup,command,1.0,https://api.fenergox.com/lookupcommand/swagger/1.0/swagger.json,CreateLookupItemsDto,versionNumber,$.versionNumber,#/components/schemas/CreateLookupItemsDto/properties/versionNumber,versionNumber,integer,int32,False,False,The number of the model version,,,,,1
lookupcommand_v1,lookup,command,1.0,https://api.fenergox.com/lookupcommand/swagger/1.0/swagger.json,CreateLookupItemsDto,notes,$.notes,#/components/schemas/CreateLookupItemsDto/properties/notes,notes,string,,False,True,Optional description of the references and details of changes made that will be visible to all users who can access the version. It's assumed that version notes won't contain 'personal identifiable information'. Please note that having many versions with very long notes could hurt API performance in the long term.,,,,,Example Notes
lookupcommand_v1,lookup,command,1.0,https://api.fenergox.com/lookupcommand/swagger/1.0/swagger.json,CreateLookupItemsDto,effectiveFrom,$.effectiveFrom,#/components/schemas/CreateLookupItemsDto/properties/effectiveFrom,effectiveFrom,string,date-time,False,False,The date that the version takes effect when published,,,,,2021-12-12T15:55:00.000Z
lookupcommand_v1,lookup,command,1.0,https://api.fenergox.com/lookupcommand/swagger/1.0/swagger.json,CreateLookupItemsDto,created,$.created,#/components/schemas/CreateLookupItemsDto/properties/created,created,string,date-time,False,False,The creation date of the version (Read-only),,,,,2021-12-12T15:55:00.000Z
lookupcommand_v1,lookup,command,1.0,https://api.fenergox.com/lookupcommand/swagger/1.0/swagger.json,CreateLookupItemsDto,status,$.status,#/components/schemas/CreateLookupItemsDto/properties/status,status,,,False,False,The status of the version,,,,,Draft
lookupcommand_v1,lookup,command,1.0,https://api.fenergox.com/lookupcommand/swagger/1.0/swagger.json,CreateLookupItemsDto,isSystemLookup,$.isSystemLookup,#/components/schemas/CreateLookupItemsDto/properties/isSystemLookup,isSystemLookup,boolean,,False,False,Flag to display if this is a System Lookup. System Lookups cannot be deleted and LookupName cannot be updated,,,,,False
lookupcommand_v1,lookup,command,1.0,https://api.fenergox.com/lookupcommand/swagger/1.0/swagger.json,CreateLookupItemsDto,signees,$.signees,#/components/schemas/CreateLookupItemsDto/properties/signees,signees,array,,False,True,The defined list of signees for the version,,,object,#/components/schemas/Signee,
lookupcommand_v1,lookup,command,1.0,https://api.fenergox.com/lookupcommand/swagger/1.0/swagger.json,CreateLookupItemsDto,signees[].subject,$.signees[*].subject,#/components/schemas/CreateLookupItemsDto/properties/signees/items/properties/subject,subject,string,,False,True,,,,,,
lookupcommand_v1,lookup,command,1.0,https://api.fenergox.com/lookupcommand/swagger/1.0/swagger.json,CreateLookupItemsDto,signees[].successor,$.signees[*].successor,#/components/schemas/CreateLookupItemsDto/properties/signees/items/properties/successor,successor,,,False,True,,,,,,
lookupcommand_v1,lookup,command,1.0,https://api.fenergox.com/lookupcommand/swagger/1.0/swagger.json,CreateLookupItemsDto,signees[].action,$.signees[*].action,#/components/schemas/CreateLookupItemsDto/properties/signees/items/properties/action,action,,,False,True,,,,,,
lookupcommand_v1,lookup,command,1.0,https://api.fenergox.com/lookupcommand/swagger/1.0/swagger.json,CreateLookupItemsDto,signees[].hasProcessedRequest,$.signees[*].hasProcessedRequest,#/components/schemas/CreateLookupItemsDto/properties/signees/items/properties/hasProcessedRequest,hasProcessedRequest,boolean,,False,False,,,,,,
lookupcommand_v1,lookup,command,1.0,https://api.fenergox.com/lookupcommand/swagger/1.0/swagger.json,CreateLookupItemsDto,skipValueIdDefaultGeneration,$.skipValueIdDefaultGeneration,#/components/schemas/CreateLookupItemsDto/properties/skipValueIdDefaultGeneration,skipValueIdDefaultGeneration,boolean,,False,True,Whether the lookup ids must be auto generated,,,,,
lookupcommand_v1,lookup,command,1.0,https://api.fenergox.com/lookupcommand/swagger/1.0/swagger.json,CreateLookupItemsDtoServiceRequest,data,$.data,#/components/schemas/CreateLookupItemsDtoServiceRequest/properties/data,data,,,False,True,Lookup representation,,,,,
lookupcommand_v1,lookup,command,1.0,https://api.fenergox.com/lookupcommand/swagger/1.0/swagger.json,LinkLookupPropertyDto,childValues,$.childValues,#/components/schemas/LinkLookupPropertyDto/properties/childValues,childValues,array,,False,True,,,,string,,
lookupcommand_v1,lookup,command,1.0,https://api.fenergox.com/lookupcommand/swagger/1.0/swagger.json,LinkVersionSignResponse,id,$.id,#/components/schemas/LinkVersionSignResponse/properties/id,id,string,uuid,False,False,The Id of the model the version belongs to,,,,,
lookupcommand_v1,lookup,command,1.0,https://api.fenergox.com/lookupcommand/swagger/1.0/swagger.json,LinkVersionSignResponse,versionNumber,$.versionNumber,#/components/schemas/LinkVersionSignResponse/properties/versionNumber,versionNumber,integer,int32,False,False,The number of the version that has been signed,,,,,
lookupcommand_v1,lookup,command,1.0,https://api.fenergox.com/lookupcommand/swagger/1.0/swagger.json,LinkVersionSignResponse,status,$.status,#/components/schemas/LinkVersionSignResponse/properties/status,status,,,False,False,The new version status,,,,,
lookupcommand_v1,lookup,command,1.0,https://api.fenergox.com/lookupcommand/swagger/1.0/swagger.json,LinkVersionSignResponseServiceResponse,data,$.data,#/components/schemas/LinkVersionSignResponseServiceResponse/properties/data,data,,,False,True,,,,,,
lookupcommand_v1,lookup,command,1.0,https://api.fenergox.com/lookupcommand/swagger/1.0/swagger.json,LinkVersionSignResponseServiceResponse,messages,$.messages,#/components/schemas/LinkVersionSignResponseServiceResponse/properties/messages,messages,array,,False,True,,,,object,#/components/schemas/ServiceResponseMessage,
lookupcommand_v1,lookup,command,1.0,https://api.fenergox.com/lookupcommand/swagger/1.0/swagger.json,LinkVersionSignResponseServiceResponse,messages[].message,$.messages[*].message,#/components/schemas/LinkVersionSignResponseServiceResponse/properties/messages/items/properties/message,message,string,,False,True,,,,,,
lookupcommand_v1,lookup,command,1.0,https://api.fenergox.com/lookupcommand/swagger/1.0/swagger.json,LinkVersionSignResponseServiceResponse,messages[].type,$.messages[*].type,#/components/schemas/LinkVersionSignResponseServiceResponse/properties/messages/items/properties/type,type,string,,False,True,,,,,,
lookupcommand_v1,lookup,command,1.0,https://api.fenergox.com/lookupcommand/swagger/1.0/swagger.json,LinkVersionSignResponseServiceResponse,messages[].errorCode,$.messages[*].errorCode,#/components/schemas/LinkVersionSignResponseServiceResponse/properties/messages/items/properties/errorCode,errorCode,string,,False,True,,,,,,
lookupcommand_v1,lookup,command,1.0,https://api.fenergox.com/lookupcommand/swagger/1.0/swagger.json,LookupDto,lookupId,$.lookupId,#/components/schemas/LookupDto/properties/lookupId,lookupId,string,uuid,False,False,Lookup UiD,,,,,e1809731-77df-4e72-98e7-0d314b7a5151
lookupcommand_v1,lookup,command,1.0,https://api.fenergox.com/lookupcommand/swagger/1.0/swagger.json,LookupDto,lookupName,$.lookupName,#/components/schemas/LookupDto/properties/lookupName,lookupName,string,,True,False,Lookup Name,,,,,Test1
lookupcommand_v1,lookup,command,1.0,https://api.fenergox.com/lookupcommand/swagger/1.0/swagger.json,LookupDto,values,$.values,#/components/schemas/LookupDto/properties/values,values,array,,True,False,Lookup stage collection,,,string,,
lookupcommand_v1,lookup,command,1.0,https://api.fenergox.com/lookupcommand/swagger/1.0/swagger.json,LookupDto,items,$.items,#/components/schemas/LookupDto/properties/items,items,array,,False,True,Lookup items collection,,,object,#/components/schemas/LookupItemDto,
lookupcommand_v1,lookup,command,1.0,https://api.fenergox.com/lookupcommand/swagger/1.0/swagger.json,LookupDto,items[].id,$.items[*].id,#/components/schemas/LookupDto/properties/items/items/properties/id,id,string,,False,True,Id of Item,,,,,D64AA6E3-C4BB-45B4-95A6-F9FC07DD1958
lookupcommand_v1,lookup,command,1.0,https://api.fenergox.com/lookupcommand/swagger/1.0/swagger.json,LookupDto,items[].value,$.items[*].value,#/components/schemas/LookupDto/properties/items/items/properties/value,value,string,,False,True,Value of Item,,,,,Ireland
lookupcommand_v1,lookup,command,1.0,https://api.fenergox.com/lookupcommand/swagger/1.0/swagger.json,LookupDto,columns,$.columns,#/components/schemas/LookupDto/properties/columns,columns,array,,False,True,Lookup metadata column collection,,,object,#/components/schemas/MetadataColumnDto,
lookupcommand_v1,lookup,command,1.0,https://api.fenergox.com/lookupcommand/swagger/1.0/swagger.json,LookupDto,columns[].type,$.columns[*].type,#/components/schemas/LookupDto/properties/columns/items/properties/type,type,string,,True,False,Type of column,,,,,string
lookupcommand_v1,lookup,command,1.0,https://api.fenergox.com/lookupcommand/swagger/1.0/swagger.json,LookupDto,columns[].name,$.columns[*].name,#/components/schemas/LookupDto/properties/columns/items/properties/name,name,string,,True,False,Name of column,,,,,Text name
lookupcommand_v1,lookup,command,1.0,https://api.fenergox.com/lookupcommand/swagger/1.0/swagger.json,LookupDto,columns[].values,$.columns[*].values,#/components/schemas/LookupDto/properties/columns/items/properties/values,values,object,,True,False,Column values - key is lookup value,,,,,
lookupcommand_v1,lookup,command,1.0,https://api.fenergox.com/lookupcommand/swagger/1.0/swagger.json,LookupDto,versionNumber,$.versionNumber,#/components/schemas/LookupDto/properties/versionNumber,versionNumber,integer,int32,False,False,The number of the model version,,,,,1
lookupcommand_v1,lookup,command,1.0,https://api.fenergox.com/lookupcommand/swagger/1.0/swagger.json,LookupDto,notes,$.notes,#/components/schemas/LookupDto/properties/notes,notes,string,,False,True,Optional description of the references and details of changes made that will be visible to all users who can access the version. It's assumed that version notes won't contain 'personal identifiable information'. Please note that having many versions with very long notes could hurt API performance in the long term.,,,,,Example Notes
lookupcommand_v1,lookup,command,1.0,https://api.fenergox.com/lookupcommand/swagger/1.0/swagger.json,LookupDto,effectiveFrom,$.effectiveFrom,#/components/schemas/LookupDto/properties/effectiveFrom,effectiveFrom,string,date-time,False,False,The date that the version takes effect when published,,,,,2021-12-12T15:55:00.000Z
lookupcommand_v1,lookup,command,1.0,https://api.fenergox.com/lookupcommand/swagger/1.0/swagger.json,LookupDto,created,$.created,#/components/schemas/LookupDto/properties/created,created,string,date-time,False,False,The creation date of the version (Read-only),,,,,2021-12-12T15:55:00.000Z
lookupcommand_v1,lookup,command,1.0,https://api.fenergox.com/lookupcommand/swagger/1.0/swagger.json,LookupDto,status,$.status,#/components/schemas/LookupDto/properties/status,status,,,False,False,The status of the version,,,,,Draft
lookupcommand_v1,lookup,command,1.0,https://api.fenergox.com/lookupcommand/swagger/1.0/swagger.json,LookupDto,isSystemLookup,$.isSystemLookup,#/components/schemas/LookupDto/properties/isSystemLookup,isSystemLookup,boolean,,False,False,Flag to display if this is a System Lookup. System Lookups cannot be deleted and LookupName cannot be updated,,,,,False
lookupcommand_v1,lookup,command,1.0,https://api.fenergox.com/lookupcommand/swagger/1.0/swagger.json,LookupDto,signees,$.signees,#/components/schemas/LookupDto/properties/signees,signees,array,,False,True,The defined list of signees for the version,,,object,#/components/schemas/Signee,
lookupcommand_v1,lookup,command,1.0,https://api.fenergox.com/lookupcommand/swagger/1.0/swagger.json,LookupDto,signees[].subject,$.signees[*].subject,#/components/schemas/LookupDto/properties/signees/items/properties/subject,subject,string,,False,True,,,,,,
lookupcommand_v1,lookup,command,1.0,https://api.fenergox.com/lookupcommand/swagger/1.0/swagger.json,LookupDto,signees[].successor,$.signees[*].successor,#/components/schemas/LookupDto/properties/signees/items/properties/successor,successor,,,False,True,,,,,,
lookupcommand_v1,lookup,command,1.0,https://api.fenergox.com/lookupcommand/swagger/1.0/swagger.json,LookupDto,signees[].action,$.signees[*].action,#/components/schemas/LookupDto/properties/signees/items/properties/action,action,,,False,True,,,,,,
lookupcommand_v1,lookup,command,1.0,https://api.fenergox.com/lookupcommand/swagger/1.0/swagger.json,LookupDto,signees[].hasProcessedRequest,$.signees[*].hasProcessedRequest,#/components/schemas/LookupDto/properties/signees/items/properties/hasProcessedRequest,hasProcessedRequest,boolean,,False,False,,,,,,
lookupcommand_v1,lookup,command,1.0,https://api.fenergox.com/lookupcommand/swagger/1.0/swagger.json,LookupDto,skipValueIdDefaultGeneration,$.skipValueIdDefaultGeneration,#/components/schemas/LookupDto/properties/skipValueIdDefaultGeneration,skipValueIdDefaultGeneration,boolean,,False,True,Whether valueIds should be auto generated when creating a lookup,,,,,
lookupcommand_v1,lookup,command,1.0,https://api.fenergox.com/lookupcommand/swagger/1.0/swagger.json,LookupDtoServiceRequest,data,$.data,#/components/schemas/LookupDtoServiceRequest/properties/data,data,,,False,True,Lookup representation,,,,,
lookupcommand_v1,lookup,command,1.0,https://api.fenergox.com/lookupcommand/swagger/1.0/swagger.json,LookupDtoServiceResponse,data,$.data,#/components/schemas/LookupDtoServiceResponse/properties/data,data,,,False,True,Lookup representation,,,,,
lookupcommand_v1,lookup,command,1.0,https://api.fenergox.com/lookupcommand/swagger/1.0/swagger.json,LookupDtoServiceResponse,messages,$.messages,#/components/schemas/LookupDtoServiceResponse/properties/messages,messages,array,,False,True,,,,object,#/components/schemas/ServiceResponseMessage,
lookupcommand_v1,lookup,command,1.0,https://api.fenergox.com/lookupcommand/swagger/1.0/swagger.json,LookupDtoServiceResponse,messages[].message,$.messages[*].message,#/components/schemas/LookupDtoServiceResponse/properties/messages/items/properties/message,message,string,,False,True,,,,,,
lookupcommand_v1,lookup,command,1.0,https://api.fenergox.com/lookupcommand/swagger/1.0/swagger.json,LookupDtoServiceResponse,messages[].type,$.messages[*].type,#/components/schemas/LookupDtoServiceResponse/properties/messages/items/properties/type,type,string,,False,True,,,,,,
lookupcommand_v1,lookup,command,1.0,https://api.fenergox.com/lookupcommand/swagger/1.0/swagger.json,LookupDtoServiceResponse,messages[].errorCode,$.messages[*].errorCode,#/components/schemas/LookupDtoServiceResponse/properties/messages/items/properties/errorCode,errorCode,string,,False,True,,,,,,
lookupcommand_v1,lookup,command,1.0,https://api.fenergox.com/lookupcommand/swagger/1.0/swagger.json,LookupItemDto,id,$.id,#/components/schemas/LookupItemDto/properties/id,id,string,,False,True,Id of Item,,,,,D64AA6E3-C4BB-45B4-95A6-F9FC07DD1958
lookupcommand_v1,lookup,command,1.0,https://api.fenergox.com/lookupcommand/swagger/1.0/swagger.json,LookupItemDto,value,$.value,#/components/schemas/LookupItemDto/properties/value,value,string,,False,True,Value of Item,,,,,Ireland
lookupcommand_v1,lookup,command,1.0,https://api.fenergox.com/lookupcommand/swagger/1.0/swagger.json,LookupLinkVersionDto,lookupLinkId,$.lookupLinkId,#/components/schemas/LookupLinkVersionDto/properties/lookupLinkId,lookupLinkId,string,uuid,False,False,The Id of the Lookup Link the version belongs to,,,,,
lookupcommand_v1,lookup,command,1.0,https://api.fenergox.com/lookupcommand/swagger/1.0/swagger.json,LookupLinkVersionDto,name,$.name,#/components/schemas/LookupLinkVersionDto/properties/name,name,string,,True,False,Lookup Link Name,,,,,
lookupcommand_v1,lookup,command,1.0,https://api.fenergox.com/lookupcommand/swagger/1.0/swagger.json,LookupLinkVersionDto,parentLookupId,$.parentLookupId,#/components/schemas/LookupLinkVersionDto/properties/parentLookupId,parentLookupId,string,uuid,False,False,Parent Lookup Id Linked,,,,,
lookupcommand_v1,lookup,command,1.0,https://api.fenergox.com/lookupcommand/swagger/1.0/swagger.json,LookupLinkVersionDto,parentLookupVersion,$.parentLookupVersion,#/components/schemas/LookupLinkVersionDto/properties/parentLookupVersion,parentLookupVersion,integer,int32,False,False,Parent Lookup Version Linked,,,,,
lookupcommand_v1,lookup,command,1.0,https://api.fenergox.com/lookupcommand/swagger/1.0/swagger.json,LookupLinkVersionDto,childLookupId,$.childLookupId,#/components/schemas/LookupLinkVersionDto/properties/childLookupId,childLookupId,string,uuid,False,False,Child Lookup Id Linked,,,,,
lookupcommand_v1,lookup,command,1.0,https://api.fenergox.com/lookupcommand/swagger/1.0/swagger.json,LookupLinkVersionDto,childLookupVersion,$.childLookupVersion,#/components/schemas/LookupLinkVersionDto/properties/childLookupVersion,childLookupVersion,integer,int32,False,False,Child Lookup Version Linked,,,,,
lookupcommand_v1,lookup,command,1.0,https://api.fenergox.com/lookupcommand/swagger/1.0/swagger.json,LookupLinkVersionDto,versionNumber,$.versionNumber,#/components/schemas/LookupLinkVersionDto/properties/versionNumber,versionNumber,integer,int32,False,False,The number of the Link version,,,,,
lookupcommand_v1,lookup,command,1.0,https://api.fenergox.com/lookupcommand/swagger/1.0/swagger.json,LookupLinkVersionDto,notes,$.notes,#/components/schemas/LookupLinkVersionDto/properties/notes,notes,string,,False,True,Optional description of the references and details of changes made that will be visible to all users who can access the version. It's assumed that version notes won't contain 'personal identifiable information'. Please note that having many versions with very long notes could hurt API performance in the long term.,,,,,Example Notes
lookupcommand_v1,lookup,command,1.0,https://api.fenergox.com/lookupcommand/swagger/1.0/swagger.json,LookupLinkVersionDto,properties,$.properties,#/components/schemas/LookupLinkVersionDto/properties/properties,properties,object,,True,False,Linked Values Properties,,,,,
lookupcommand_v1,lookup,command,1.0,https://api.fenergox.com/lookupcommand/swagger/1.0/swagger.json,LookupLinkVersionDto,effectiveFrom,$.effectiveFrom,#/components/schemas/LookupLinkVersionDto/properties/effectiveFrom,effectiveFrom,string,date-time,False,False,The date that the version takes effect when published,,,,,
lookupcommand_v1,lookup,command,1.0,https://api.fenergox.com/lookupcommand/swagger/1.0/swagger.json,LookupLinkVersionDto,created,$.created,#/components/schemas/LookupLinkVersionDto/properties/created,created,string,date-time,False,False,The creation date of the version (Read-only),,,,,
lookupcommand_v1,lookup,command,1.0,https://api.fenergox.com/lookupcommand/swagger/1.0/swagger.json,LookupLinkVersionDto,status,$.status,#/components/schemas/LookupLinkVersionDto/properties/status,status,,,False,False,The status of the version,,,,,
lookupcommand_v1,lookup,command,1.0,https://api.fenergox.com/lookupcommand/swagger/1.0/swagger.json,LookupLinkVersionDto,signees,$.signees,#/components/schemas/LookupLinkVersionDto/properties/signees,signees,array,,False,True,The defined list of signees for the version,,,object,#/components/schemas/Signee,
lookupcommand_v1,lookup,command,1.0,https://api.fenergox.com/lookupcommand/swagger/1.0/swagger.json,LookupLinkVersionDto,signees[].subject,$.signees[*].subject,#/components/schemas/LookupLinkVersionDto/properties/signees/items/properties/subject,subject,string,,False,True,,,,,,
lookupcommand_v1,lookup,command,1.0,https://api.fenergox.com/lookupcommand/swagger/1.0/swagger.json,LookupLinkVersionDto,signees[].successor,$.signees[*].successor,#/components/schemas/LookupLinkVersionDto/properties/signees/items/properties/successor,successor,,,False,True,,,,,,
lookupcommand_v1,lookup,command,1.0,https://api.fenergox.com/lookupcommand/swagger/1.0/swagger.json,LookupLinkVersionDto,signees[].action,$.signees[*].action,#/components/schemas/LookupLinkVersionDto/properties/signees/items/properties/action,action,,,False,True,,,,,,
lookupcommand_v1,lookup,command,1.0,https://api.fenergox.com/lookupcommand/swagger/1.0/swagger.json,LookupLinkVersionDto,signees[].hasProcessedRequest,$.signees[*].hasProcessedRequest,#/components/schemas/LookupLinkVersionDto/properties/signees/items/properties/hasProcessedRequest,hasProcessedRequest,boolean,,False,False,,,,,,
lookupcommand_v1,lookup,command,1.0,https://api.fenergox.com/lookupcommand/swagger/1.0/swagger.json,LookupLinkVersionDtoServiceRequest,data,$.data,#/components/schemas/LookupLinkVersionDtoServiceRequest/properties/data,data,,,False,True,,,,,,
lookupcommand_v1,lookup,command,1.0,https://api.fenergox.com/lookupcommand/swagger/1.0/swagger.json,LookupLinkVersionDtoServiceResponse,data,$.data,#/components/schemas/LookupLinkVersionDtoServiceResponse/properties/data,data,,,False,True,,,,,,
lookupcommand_v1,lookup,command,1.0,https://api.fenergox.com/lookupcommand/swagger/1.0/swagger.json,LookupLinkVersionDtoServiceResponse,messages,$.messages,#/components/schemas/LookupLinkVersionDtoServiceResponse/properties/messages,messages,array,,False,True,,,,object,#/components/schemas/ServiceResponseMessage,
lookupcommand_v1,lookup,command,1.0,https://api.fenergox.com/lookupcommand/swagger/1.0/swagger.json,LookupLinkVersionDtoServiceResponse,messages[].message,$.messages[*].message,#/components/schemas/LookupLinkVersionDtoServiceResponse/properties/messages/items/properties/message,message,string,,False,True,,,,,,
lookupcommand_v1,lookup,command,1.0,https://api.fenergox.com/lookupcommand/swagger/1.0/swagger.json,LookupLinkVersionDtoServiceResponse,messages[].type,$.messages[*].type,#/components/schemas/LookupLinkVersionDtoServiceResponse/properties/messages/items/properties/type,type,string,,False,True,,,,,,
lookupcommand_v1,lookup,command,1.0,https://api.fenergox.com/lookupcommand/swagger/1.0/swagger.json,LookupLinkVersionDtoServiceResponse,messages[].errorCode,$.messages[*].errorCode,#/components/schemas/LookupLinkVersionDtoServiceResponse/properties/messages/items/properties/errorCode,errorCode,string,,False,True,,,,,,
lookupcommand_v1,lookup,command,1.0,https://api.fenergox.com/lookupcommand/swagger/1.0/swagger.json,LookupVersionSignResponse,lookupId,$.lookupId,#/components/schemas/LookupVersionSignResponse/properties/lookupId,lookupId,string,uuid,False,False,The Id of the Lookup Link the version belongs to,,,,,
lookupcommand_v1,lookup,command,1.0,https://api.fenergox.com/lookupcommand/swagger/1.0/swagger.json,LookupVersionSignResponse,versionNumber,$.versionNumber,#/components/schemas/LookupVersionSignResponse/properties/versionNumber,versionNumber,integer,int32,False,False,The number of the version that has been signed,,,,,
lookupcommand_v1,lookup,command,1.0,https://api.fenergox.com/lookupcommand/swagger/1.0/swagger.json,LookupVersionSignResponse,status,$.status,#/components/schemas/LookupVersionSignResponse/properties/status,status,,,False,False,The new version status,,,,,
lookupcommand_v1,lookup,command,1.0,https://api.fenergox.com/lookupcommand/swagger/1.0/swagger.json,LookupVersionSignResponseServiceResponse,data,$.data,#/components/schemas/LookupVersionSignResponseServiceResponse/properties/data,data,,,False,True,"Contains the new version Status, after a version sign operation",,,,,
lookupcommand_v1,lookup,command,1.0,https://api.fenergox.com/lookupcommand/swagger/1.0/swagger.json,LookupVersionSignResponseServiceResponse,messages,$.messages,#/components/schemas/LookupVersionSignResponseServiceResponse/properties/messages,messages,array,,False,True,,,,object,#/components/schemas/ServiceResponseMessage,
lookupcommand_v1,lookup,command,1.0,https://api.fenergox.com/lookupcommand/swagger/1.0/swagger.json,LookupVersionSignResponseServiceResponse,messages[].message,$.messages[*].message,#/components/schemas/LookupVersionSignResponseServiceResponse/properties/messages/items/properties/message,message,string,,False,True,,,,,,
lookupcommand_v1,lookup,command,1.0,https://api.fenergox.com/lookupcommand/swagger/1.0/swagger.json,LookupVersionSignResponseServiceResponse,messages[].type,$.messages[*].type,#/components/schemas/LookupVersionSignResponseServiceResponse/properties/messages/items/properties/type,type,string,,False,True,,,,,,
lookupcommand_v1,lookup,command,1.0,https://api.fenergox.com/lookupcommand/swagger/1.0/swagger.json,LookupVersionSignResponseServiceResponse,messages[].errorCode,$.messages[*].errorCode,#/components/schemas/LookupVersionSignResponseServiceResponse/properties/messages/items/properties/errorCode,errorCode,string,,False,True,,,,,,
lookupcommand_v1,lookup,command,1.0,https://api.fenergox.com/lookupcommand/swagger/1.0/swagger.json,MetadataColumnDto,type,$.type,#/components/schemas/MetadataColumnDto/properties/type,type,string,,True,False,Type of column,,,,,string
lookupcommand_v1,lookup,command,1.0,https://api.fenergox.com/lookupcommand/swagger/1.0/swagger.json,MetadataColumnDto,name,$.name,#/components/schemas/MetadataColumnDto/properties/name,name,string,,True,False,Name of column,,,,,Text name
lookupcommand_v1,lookup,command,1.0,https://api.fenergox.com/lookupcommand/swagger/1.0/swagger.json,MetadataColumnDto,values,$.values,#/components/schemas/MetadataColumnDto/properties/values,values,object,,True,False,Column values - key is lookup value,,,,,
lookupcommand_v1,lookup,command,1.0,https://api.fenergox.com/lookupcommand/swagger/1.0/swagger.json,MetadataColumnValueDto,value,$.value,#/components/schemas/MetadataColumnValueDto/properties/value,value,string,,False,True,Value of lookup value's column entry,,,,,Test value
lookupcommand_v1,lookup,command,1.0,https://api.fenergox.com/lookupcommand/swagger/1.0/swagger.json,ObjectServiceResponse,data,$.data,#/components/schemas/ObjectServiceResponse/properties/data,data,,,False,True,,,,,,
lookupcommand_v1,lookup,command,1.0,https://api.fenergox.com/lookupcommand/swagger/1.0/swagger.json,ObjectServiceResponse,messages,$.messages,#/components/schemas/ObjectServiceResponse/properties/messages,messages,array,,False,True,,,,object,#/components/schemas/ServiceResponseMessage,
lookupcommand_v1,lookup,command,1.0,https://api.fenergox.com/lookupcommand/swagger/1.0/swagger.json,ObjectServiceResponse,messages[].message,$.messages[*].message,#/components/schemas/ObjectServiceResponse/properties/messages/items/properties/message,message,string,,False,True,,,,,,
lookupcommand_v1,lookup,command,1.0,https://api.fenergox.com/lookupcommand/swagger/1.0/swagger.json,ObjectServiceResponse,messages[].type,$.messages[*].type,#/components/schemas/ObjectServiceResponse/properties/messages/items/properties/type,type,string,,False,True,,,,,,
lookupcommand_v1,lookup,command,1.0,https://api.fenergox.com/lookupcommand/swagger/1.0/swagger.json,ObjectServiceResponse,messages[].errorCode,$.messages[*].errorCode,#/components/schemas/ObjectServiceResponse/properties/messages/items/properties/errorCode,errorCode,string,,False,True,,,,,,
lookupcommand_v1,lookup,command,1.0,https://api.fenergox.com/lookupcommand/swagger/1.0/swagger.json,ProblemDetails,type,$.type,#/components/schemas/ProblemDetails/properties/type,type,string,,False,True,,,,,,
lookupcommand_v1,lookup,command,1.0,https://api.fenergox.com/lookupcommand/swagger/1.0/swagger.json,ProblemDetails,title,$.title,#/components/schemas/ProblemDetails/properties/title,title,string,,False,True,,,,,,
lookupcommand_v1,lookup,command,1.0,https://api.fenergox.com/lookupcommand/swagger/1.0/swagger.json,ProblemDetails,status,$.status,#/components/schemas/ProblemDetails/properties/status,status,integer,int32,False,True,,,,,,
lookupcommand_v1,lookup,command,1.0,https://api.fenergox.com/lookupcommand/swagger/1.0/swagger.json,ProblemDetails,detail,$.detail,#/components/schemas/ProblemDetails/properties/detail,detail,string,,False,True,,,,,,
lookupcommand_v1,lookup,command,1.0,https://api.fenergox.com/lookupcommand/swagger/1.0/swagger.json,ProblemDetails,instance,$.instance,#/components/schemas/ProblemDetails/properties/instance,instance,string,,False,True,,,,,,
lookupcommand_v1,lookup,command,1.0,https://api.fenergox.com/lookupcommand/swagger/1.0/swagger.json,ServiceResponse,data,$.data,#/components/schemas/ServiceResponse/properties/data,data,string,,False,True,,,,,,
lookupcommand_v1,lookup,command,1.0,https://api.fenergox.com/lookupcommand/swagger/1.0/swagger.json,ServiceResponse,messages,$.messages,#/components/schemas/ServiceResponse/properties/messages,messages,array,,False,True,,,,object,#/components/schemas/ServiceResponseMessage,
lookupcommand_v1,lookup,command,1.0,https://api.fenergox.com/lookupcommand/swagger/1.0/swagger.json,ServiceResponse,messages[].message,$.messages[*].message,#/components/schemas/ServiceResponse/properties/messages/items/properties/message,message,string,,False,True,,,,,,
lookupcommand_v1,lookup,command,1.0,https://api.fenergox.com/lookupcommand/swagger/1.0/swagger.json,ServiceResponse,messages[].type,$.messages[*].type,#/components/schemas/ServiceResponse/properties/messages/items/properties/type,type,string,,False,True,,,,,,
lookupcommand_v1,lookup,command,1.0,https://api.fenergox.com/lookupcommand/swagger/1.0/swagger.json,ServiceResponse,messages[].errorCode,$.messages[*].errorCode,#/components/schemas/ServiceResponse/properties/messages/items/properties/errorCode,errorCode,string,,False,True,,,,,,
lookupcommand_v1,lookup,command,1.0,https://api.fenergox.com/lookupcommand/swagger/1.0/swagger.json,ServiceResponseMessage,message,$.message,#/components/schemas/ServiceResponseMessage/properties/message,message,string,,False,True,,,,,,
lookupcommand_v1,lookup,command,1.0,https://api.fenergox.com/lookupcommand/swagger/1.0/swagger.json,ServiceResponseMessage,type,$.type,#/components/schemas/ServiceResponseMessage/properties/type,type,string,,False,True,,,,,,
lookupcommand_v1,lookup,command,1.0,https://api.fenergox.com/lookupcommand/swagger/1.0/swagger.json,ServiceResponseMessage,errorCode,$.errorCode,#/components/schemas/ServiceResponseMessage/properties/errorCode,errorCode,string,,False,True,,,,,,
lookupcommand_v1,lookup,command,1.0,https://api.fenergox.com/lookupcommand/swagger/1.0/swagger.json,Signee,subject,$.subject,#/components/schemas/Signee/properties/subject,subject,string,,False,True,,,,,,
lookupcommand_v1,lookup,command,1.0,https://api.fenergox.com/lookupcommand/swagger/1.0/swagger.json,Signee,successor,$.successor,#/components/schemas/Signee/properties/successor,successor,,,False,True,,,,,,
lookupcommand_v1,lookup,command,1.0,https://api.fenergox.com/lookupcommand/swagger/1.0/swagger.json,Signee,action,$.action,#/components/schemas/Signee/properties/action,action,,,False,True,,,,,,
lookupcommand_v1,lookup,command,1.0,https://api.fenergox.com/lookupcommand/swagger/1.0/swagger.json,Signee,hasProcessedRequest,$.hasProcessedRequest,#/components/schemas/Signee/properties/hasProcessedRequest,hasProcessedRequest,boolean,,False,False,,,,,,
lookupcommand_v1,lookup,command,1.0,https://api.fenergox.com/lookupcommand/swagger/1.0/swagger.json,StringServiceResponse,data,$.data,#/components/schemas/StringServiceResponse/properties/data,data,string,,False,True,,,,,,
lookupcommand_v1,lookup,command,1.0,https://api.fenergox.com/lookupcommand/swagger/1.0/swagger.json,StringServiceResponse,messages,$.messages,#/components/schemas/StringServiceResponse/properties/messages,messages,array,,False,True,,,,object,#/components/schemas/ServiceResponseMessage,
lookupcommand_v1,lookup,command,1.0,https://api.fenergox.com/lookupcommand/swagger/1.0/swagger.json,StringServiceResponse,messages[].message,$.messages[*].message,#/components/schemas/StringServiceResponse/properties/messages/items/properties/message,message,string,,False,True,,,,,,
lookupcommand_v1,lookup,command,1.0,https://api.fenergox.com/lookupcommand/swagger/1.0/swagger.json,StringServiceResponse,messages[].type,$.messages[*].type,#/components/schemas/StringServiceResponse/properties/messages/items/properties/type,type,string,,False,True,,,,,,
lookupcommand_v1,lookup,command,1.0,https://api.fenergox.com/lookupcommand/swagger/1.0/swagger.json,StringServiceResponse,messages[].errorCode,$.messages[*].errorCode,#/components/schemas/StringServiceResponse/properties/messages/items/properties/errorCode,errorCode,string,,False,True,,,,,,
lookupcommand_v1,lookup,command,1.0,https://api.fenergox.com/lookupcommand/swagger/1.0/swagger.json,UpdateLinkVersionDto,lookupLinkId,$.lookupLinkId,#/components/schemas/UpdateLinkVersionDto/properties/lookupLinkId,lookupLinkId,string,uuid,True,False,The UiD of the Lookup Link that the version belongs to,,,,,
lookupcommand_v1,lookup,command,1.0,https://api.fenergox.com/lookupcommand/swagger/1.0/swagger.json,UpdateLinkVersionDto,name,$.name,#/components/schemas/UpdateLinkVersionDto/properties/name,name,string,,True,False,Display name of the Lookup Link,,,,,
lookupcommand_v1,lookup,command,1.0,https://api.fenergox.com/lookupcommand/swagger/1.0/swagger.json,UpdateLinkVersionDto,parentLookupId,$.parentLookupId,#/components/schemas/UpdateLinkVersionDto/properties/parentLookupId,parentLookupId,string,uuid,False,False,Parent Lookup Id Linked,,,,,
lookupcommand_v1,lookup,command,1.0,https://api.fenergox.com/lookupcommand/swagger/1.0/swagger.json,UpdateLinkVersionDto,parentLookupVersion,$.parentLookupVersion,#/components/schemas/UpdateLinkVersionDto/properties/parentLookupVersion,parentLookupVersion,integer,int32,False,False,Parent Lookup Version Linked,,,,,
lookupcommand_v1,lookup,command,1.0,https://api.fenergox.com/lookupcommand/swagger/1.0/swagger.json,UpdateLinkVersionDto,childLookupId,$.childLookupId,#/components/schemas/UpdateLinkVersionDto/properties/childLookupId,childLookupId,string,uuid,False,False,Child Lookup Id Linked,,,,,
lookupcommand_v1,lookup,command,1.0,https://api.fenergox.com/lookupcommand/swagger/1.0/swagger.json,UpdateLinkVersionDto,childLookupVersion,$.childLookupVersion,#/components/schemas/UpdateLinkVersionDto/properties/childLookupVersion,childLookupVersion,integer,int32,False,False,Child Lookup Version Linked,,,,,
lookupcommand_v1,lookup,command,1.0,https://api.fenergox.com/lookupcommand/swagger/1.0/swagger.json,UpdateLinkVersionDto,properties,$.properties,#/components/schemas/UpdateLinkVersionDto/properties/properties,properties,object,,True,False,List of linked values for lookups,,,,,
lookupcommand_v1,lookup,command,1.0,https://api.fenergox.com/lookupcommand/swagger/1.0/swagger.json,UpdateLinkVersionDto,versionNumber,$.versionNumber,#/components/schemas/UpdateLinkVersionDto/properties/versionNumber,versionNumber,integer,int32,False,False,The versions number,,,,,
lookupcommand_v1,lookup,command,1.0,https://api.fenergox.com/lookupcommand/swagger/1.0/swagger.json,UpdateLinkVersionDto,notes,$.notes,#/components/schemas/UpdateLinkVersionDto/properties/notes,notes,string,,False,True,Optional description of the references and details of changes made that will be visible to all users who can access the version. It's assumed that version notes won't contain 'personal identifiable information'. Please note that having many versions with very long notes could hurt API performance in the long term.,,,,,Example Notes
lookupcommand_v1,lookup,command,1.0,https://api.fenergox.com/lookupcommand/swagger/1.0/swagger.json,UpdateLinkVersionDto,effectiveFrom,$.effectiveFrom,#/components/schemas/UpdateLinkVersionDto/properties/effectiveFrom,effectiveFrom,string,date-time,False,False,The date that the version takes effect when published,,,,,
lookupcommand_v1,lookup,command,1.0,https://api.fenergox.com/lookupcommand/swagger/1.0/swagger.json,UpdateLinkVersionDto,signees,$.signees,#/components/schemas/UpdateLinkVersionDto/properties/signees,signees,array,,False,True,The defined list of signees for the version,,,object,#/components/schemas/Signee,
lookupcommand_v1,lookup,command,1.0,https://api.fenergox.com/lookupcommand/swagger/1.0/swagger.json,UpdateLinkVersionDto,signees[].subject,$.signees[*].subject,#/components/schemas/UpdateLinkVersionDto/properties/signees/items/properties/subject,subject,string,,False,True,,,,,,
lookupcommand_v1,lookup,command,1.0,https://api.fenergox.com/lookupcommand/swagger/1.0/swagger.json,UpdateLinkVersionDto,signees[].successor,$.signees[*].successor,#/components/schemas/UpdateLinkVersionDto/properties/signees/items/properties/successor,successor,,,False,True,,,,,,
lookupcommand_v1,lookup,command,1.0,https://api.fenergox.com/lookupcommand/swagger/1.0/swagger.json,UpdateLinkVersionDto,signees[].action,$.signees[*].action,#/components/schemas/UpdateLinkVersionDto/properties/signees/items/properties/action,action,,,False,True,,,,,,
lookupcommand_v1,lookup,command,1.0,https://api.fenergox.com/lookupcommand/swagger/1.0/swagger.json,UpdateLinkVersionDto,signees[].hasProcessedRequest,$.signees[*].hasProcessedRequest,#/components/schemas/UpdateLinkVersionDto/properties/signees/items/properties/hasProcessedRequest,hasProcessedRequest,boolean,,False,False,,,,,,
lookupcommand_v1,lookup,command,1.0,https://api.fenergox.com/lookupcommand/swagger/1.0/swagger.json,UpdateLinkVersionDtoServiceRequest,data,$.data,#/components/schemas/UpdateLinkVersionDtoServiceRequest/properties/data,data,,,False,True,Set of properties which define new version of Link Lookup,,,,,
lookupcommand_v1,lookup,command,1.0,https://api.fenergox.com/lookupcommand/swagger/1.0/swagger.json,UpdateLookupDto,isSystemLookup,$.isSystemLookup,#/components/schemas/UpdateLookupDto/properties/isSystemLookup,isSystemLookup,boolean,,False,False,"`true` to set System, Lookup `false` standard Lookup",,,,,True
lookupcommand_v1,lookup,command,1.0,https://api.fenergox.com/lookupcommand/swagger/1.0/swagger.json,UpdateLookupVersionDto,lookupId,$.lookupId,#/components/schemas/UpdateLookupVersionDto/properties/lookupId,lookupId,string,uuid,True,False,Lookup UiD,,,,,e1809731-77df-4e72-98e7-0d314b7a5151
lookupcommand_v1,lookup,command,1.0,https://api.fenergox.com/lookupcommand/swagger/1.0/swagger.json,UpdateLookupVersionDto,lookupName,$.lookupName,#/components/schemas/UpdateLookupVersionDto/properties/lookupName,lookupName,string,,True,False,Lookup Name,,,,,TestLookup
lookupcommand_v1,lookup,command,1.0,https://api.fenergox.com/lookupcommand/swagger/1.0/swagger.json,UpdateLookupVersionDto,values,$.values,#/components/schemas/UpdateLookupVersionDto/properties/values,values,array,,True,False,Lookup stage collection,,,string,,
lookupcommand_v1,lookup,command,1.0,https://api.fenergox.com/lookupcommand/swagger/1.0/swagger.json,UpdateLookupVersionDto,items,$.items,#/components/schemas/UpdateLookupVersionDto/properties/items,items,array,,False,True,Lookup items collection,,,object,#/components/schemas/LookupItemDto,
lookupcommand_v1,lookup,command,1.0,https://api.fenergox.com/lookupcommand/swagger/1.0/swagger.json,UpdateLookupVersionDto,items[].id,$.items[*].id,#/components/schemas/UpdateLookupVersionDto/properties/items/items/properties/id,id,string,,False,True,Id of Item,,,,,D64AA6E3-C4BB-45B4-95A6-F9FC07DD1958
lookupcommand_v1,lookup,command,1.0,https://api.fenergox.com/lookupcommand/swagger/1.0/swagger.json,UpdateLookupVersionDto,items[].value,$.items[*].value,#/components/schemas/UpdateLookupVersionDto/properties/items/items/properties/value,value,string,,False,True,Value of Item,,,,,Ireland
lookupcommand_v1,lookup,command,1.0,https://api.fenergox.com/lookupcommand/swagger/1.0/swagger.json,UpdateLookupVersionDto,versionNumber,$.versionNumber,#/components/schemas/UpdateLookupVersionDto/properties/versionNumber,versionNumber,integer,int32,False,False,The number of the model version,,,,,1
lookupcommand_v1,lookup,command,1.0,https://api.fenergox.com/lookupcommand/swagger/1.0/swagger.json,UpdateLookupVersionDto,notes,$.notes,#/components/schemas/UpdateLookupVersionDto/properties/notes,notes,string,,False,True,Optional description of the references and details of changes made that will be visible to all users who can access the version. It's assumed that version notes won't contain 'personal identifiable information'. Please note that having many versions with very long notes could hurt API performance in the long term.,,,,,Example Notes
lookupcommand_v1,lookup,command,1.0,https://api.fenergox.com/lookupcommand/swagger/1.0/swagger.json,UpdateLookupVersionDto,effectiveFrom,$.effectiveFrom,#/components/schemas/UpdateLookupVersionDto/properties/effectiveFrom,effectiveFrom,string,date-time,False,False,The date that the version takes effect when published,,,,,2021-12-12T15:55:00.000Z
lookupcommand_v1,lookup,command,1.0,https://api.fenergox.com/lookupcommand/swagger/1.0/swagger.json,UpdateLookupVersionDto,signees,$.signees,#/components/schemas/UpdateLookupVersionDto/properties/signees,signees,array,,False,True,The defined list of signees for the version,,,object,#/components/schemas/Signee,
lookupcommand_v1,lookup,command,1.0,https://api.fenergox.com/lookupcommand/swagger/1.0/swagger.json,UpdateLookupVersionDto,signees[].subject,$.signees[*].subject,#/components/schemas/UpdateLookupVersionDto/properties/signees/items/properties/subject,subject,string,,False,True,,,,,,
lookupcommand_v1,lookup,command,1.0,https://api.fenergox.com/lookupcommand/swagger/1.0/swagger.json,UpdateLookupVersionDto,signees[].successor,$.signees[*].successor,#/components/schemas/UpdateLookupVersionDto/properties/signees/items/properties/successor,successor,,,False,True,,,,,,
lookupcommand_v1,lookup,command,1.0,https://api.fenergox.com/lookupcommand/swagger/1.0/swagger.json,UpdateLookupVersionDto,signees[].action,$.signees[*].action,#/components/schemas/UpdateLookupVersionDto/properties/signees/items/properties/action,action,,,False,True,,,,,,
lookupcommand_v1,lookup,command,1.0,https://api.fenergox.com/lookupcommand/swagger/1.0/swagger.json,UpdateLookupVersionDto,signees[].hasProcessedRequest,$.signees[*].hasProcessedRequest,#/components/schemas/UpdateLookupVersionDto/properties/signees/items/properties/hasProcessedRequest,hasProcessedRequest,boolean,,False,False,,,,,,
lookupcommand_v1,lookup,command,1.0,https://api.fenergox.com/lookupcommand/swagger/1.0/swagger.json,UpdateLookupVersionDto,columns,$.columns,#/components/schemas/UpdateLookupVersionDto/properties/columns,columns,array,,False,True,Lookup metadata column collection,,,object,#/components/schemas/MetadataColumnDto,
lookupcommand_v1,lookup,command,1.0,https://api.fenergox.com/lookupcommand/swagger/1.0/swagger.json,UpdateLookupVersionDto,columns[].type,$.columns[*].type,#/components/schemas/UpdateLookupVersionDto/properties/columns/items/properties/type,type,string,,True,False,Type of column,,,,,string
lookupcommand_v1,lookup,command,1.0,https://api.fenergox.com/lookupcommand/swagger/1.0/swagger.json,UpdateLookupVersionDto,columns[].name,$.columns[*].name,#/components/schemas/UpdateLookupVersionDto/properties/columns/items/properties/name,name,string,,True,False,Name of column,,,,,Text name
lookupcommand_v1,lookup,command,1.0,https://api.fenergox.com/lookupcommand/swagger/1.0/swagger.json,UpdateLookupVersionDto,columns[].values,$.columns[*].values,#/components/schemas/UpdateLookupVersionDto/properties/columns/items/properties/values,values,object,,True,False,Column values - key is lookup value,,,,,
lookupcommand_v1,lookup,command,1.0,https://api.fenergox.com/lookupcommand/swagger/1.0/swagger.json,UpdateLookupVersionDto,skipValueIdDefaultGeneration,$.skipValueIdDefaultGeneration,#/components/schemas/UpdateLookupVersionDto/properties/skipValueIdDefaultGeneration,skipValueIdDefaultGeneration,boolean,,False,True,Whether the lookup should auto generate Ids,,,,,
lookupcommand_v1,lookup,command,1.0,https://api.fenergox.com/lookupcommand/swagger/1.0/swagger.json,UpdateLookupVersionDtoServiceRequest,data,$.data,#/components/schemas/UpdateLookupVersionDtoServiceRequest/properties/data,data,,,False,True,Set of properties which define new version of Lookup,,,,,
lookupcommand_v1,lookup,command,1.0,https://api.fenergox.com/lookupcommand/swagger/1.0/swagger.json,UpdateLookupVersionItemsDto,lookupId,$.lookupId,#/components/schemas/UpdateLookupVersionItemsDto/properties/lookupId,lookupId,string,uuid,True,False,Lookup UiD,,,,,e1809731-77df-4e72-98e7-0d314b7a5151
lookupcommand_v1,lookup,command,1.0,https://api.fenergox.com/lookupcommand/swagger/1.0/swagger.json,UpdateLookupVersionItemsDto,lookupName,$.lookupName,#/components/schemas/UpdateLookupVersionItemsDto/properties/lookupName,lookupName,string,,True,False,Lookup Name,,,,,TestLookup
lookupcommand_v1,lookup,command,1.0,https://api.fenergox.com/lookupcommand/swagger/1.0/swagger.json,UpdateLookupVersionItemsDto,items,$.items,#/components/schemas/UpdateLookupVersionItemsDto/properties/items,items,array,,True,False,Lookup items collection,,,object,#/components/schemas/LookupItemDto,
lookupcommand_v1,lookup,command,1.0,https://api.fenergox.com/lookupcommand/swagger/1.0/swagger.json,UpdateLookupVersionItemsDto,items[].id,$.items[*].id,#/components/schemas/UpdateLookupVersionItemsDto/properties/items/items/properties/id,id,string,,False,True,Id of Item,,,,,D64AA6E3-C4BB-45B4-95A6-F9FC07DD1958
lookupcommand_v1,lookup,command,1.0,https://api.fenergox.com/lookupcommand/swagger/1.0/swagger.json,UpdateLookupVersionItemsDto,items[].value,$.items[*].value,#/components/schemas/UpdateLookupVersionItemsDto/properties/items/items/properties/value,value,string,,False,True,Value of Item,,,,,Ireland
lookupcommand_v1,lookup,command,1.0,https://api.fenergox.com/lookupcommand/swagger/1.0/swagger.json,UpdateLookupVersionItemsDto,versionNumber,$.versionNumber,#/components/schemas/UpdateLookupVersionItemsDto/properties/versionNumber,versionNumber,integer,int32,False,False,The number of the model version,,,,,1
lookupcommand_v1,lookup,command,1.0,https://api.fenergox.com/lookupcommand/swagger/1.0/swagger.json,UpdateLookupVersionItemsDto,notes,$.notes,#/components/schemas/UpdateLookupVersionItemsDto/properties/notes,notes,string,,False,True,Optional description of the references and details of changes made that will be visible to all users who can access the version. It's assumed that version notes won't contain 'personal identifiable information'. Please note that having many versions with very long notes could hurt API performance in the long term.,,,,,Example Notes
lookupcommand_v1,lookup,command,1.0,https://api.fenergox.com/lookupcommand/swagger/1.0/swagger.json,UpdateLookupVersionItemsDto,effectiveFrom,$.effectiveFrom,#/components/schemas/UpdateLookupVersionItemsDto/properties/effectiveFrom,effectiveFrom,string,date-time,False,False,The date that the version takes effect when published,,,,,2021-12-12T15:55:00.000Z
lookupcommand_v1,lookup,command,1.0,https://api.fenergox.com/lookupcommand/swagger/1.0/swagger.json,UpdateLookupVersionItemsDto,signees,$.signees,#/components/schemas/UpdateLookupVersionItemsDto/properties/signees,signees,array,,False,True,The defined list of signees for the version,,,object,#/components/schemas/Signee,
lookupcommand_v1,lookup,command,1.0,https://api.fenergox.com/lookupcommand/swagger/1.0/swagger.json,UpdateLookupVersionItemsDto,signees[].subject,$.signees[*].subject,#/components/schemas/UpdateLookupVersionItemsDto/properties/signees/items/properties/subject,subject,string,,False,True,,,,,,
lookupcommand_v1,lookup,command,1.0,https://api.fenergox.com/lookupcommand/swagger/1.0/swagger.json,UpdateLookupVersionItemsDto,signees[].successor,$.signees[*].successor,#/components/schemas/UpdateLookupVersionItemsDto/properties/signees/items/properties/successor,successor,,,False,True,,,,,,
lookupcommand_v1,lookup,command,1.0,https://api.fenergox.com/lookupcommand/swagger/1.0/swagger.json,UpdateLookupVersionItemsDto,signees[].action,$.signees[*].action,#/components/schemas/UpdateLookupVersionItemsDto/properties/signees/items/properties/action,action,,,False,True,,,,,,
lookupcommand_v1,lookup,command,1.0,https://api.fenergox.com/lookupcommand/swagger/1.0/swagger.json,UpdateLookupVersionItemsDto,signees[].hasProcessedRequest,$.signees[*].hasProcessedRequest,#/components/schemas/UpdateLookupVersionItemsDto/properties/signees/items/properties/hasProcessedRequest,hasProcessedRequest,boolean,,False,False,,,,,,
lookupcommand_v1,lookup,command,1.0,https://api.fenergox.com/lookupcommand/swagger/1.0/swagger.json,UpdateLookupVersionItemsDto,columns,$.columns,#/components/schemas/UpdateLookupVersionItemsDto/properties/columns,columns,array,,False,True,Lookup metadata column collection,,,object,#/components/schemas/MetadataColumnDto,
lookupcommand_v1,lookup,command,1.0,https://api.fenergox.com/lookupcommand/swagger/1.0/swagger.json,UpdateLookupVersionItemsDto,columns[].type,$.columns[*].type,#/components/schemas/UpdateLookupVersionItemsDto/properties/columns/items/properties/type,type,string,,True,False,Type of column,,,,,string
lookupcommand_v1,lookup,command,1.0,https://api.fenergox.com/lookupcommand/swagger/1.0/swagger.json,UpdateLookupVersionItemsDto,columns[].name,$.columns[*].name,#/components/schemas/UpdateLookupVersionItemsDto/properties/columns/items/properties/name,name,string,,True,False,Name of column,,,,,Text name
lookupcommand_v1,lookup,command,1.0,https://api.fenergox.com/lookupcommand/swagger/1.0/swagger.json,UpdateLookupVersionItemsDto,columns[].values,$.columns[*].values,#/components/schemas/UpdateLookupVersionItemsDto/properties/columns/items/properties/values,values,object,,True,False,Column values - key is lookup value,,,,,
lookupcommand_v1,lookup,command,1.0,https://api.fenergox.com/lookupcommand/swagger/1.0/swagger.json,UpdateLookupVersionItemsDto,skipValueIdDefaultGeneration,$.skipValueIdDefaultGeneration,#/components/schemas/UpdateLookupVersionItemsDto/properties/skipValueIdDefaultGeneration,skipValueIdDefaultGeneration,boolean,,False,True,Whether or not to auto generate ids for a lookup when saving,,,,,
lookupcommand_v1,lookup,command,1.0,https://api.fenergox.com/lookupcommand/swagger/1.0/swagger.json,UpdateLookupVersionItemsDtoServiceRequest,data,$.data,#/components/schemas/UpdateLookupVersionItemsDtoServiceRequest/properties/data,data,,,False,True,Set of properties which define new version of Lookup,,,,,
lookupcommand_v1,lookup,command,1.0,https://api.fenergox.com/lookupcommand/swagger/1.0/swagger.json,ValidationErrorModel,propertyName,$.propertyName,#/components/schemas/ValidationErrorModel/properties/propertyName,propertyName,string,,False,True,,,,,,
lookupcommand_v1,lookup,command,1.0,https://api.fenergox.com/lookupcommand/swagger/1.0/swagger.json,ValidationErrorModel,errorMessage,$.errorMessage,#/components/schemas/ValidationErrorModel/properties/errorMessage,errorMessage,string,,False,True,,,,,,
lookupcommand_v1,lookup,command,1.0,https://api.fenergox.com/lookupcommand/swagger/1.0/swagger.json,ValidationErrorModel,attemptedValue,$.attemptedValue,#/components/schemas/ValidationErrorModel/properties/attemptedValue,attemptedValue,,,False,True,,,,,,
lookupcommand_v1,lookup,command,1.0,https://api.fenergox.com/lookupcommand/swagger/1.0/swagger.json,ValidationErrorModel,errorCode,$.errorCode,#/components/schemas/ValidationErrorModel/properties/errorCode,errorCode,string,,False,True,,,,,,
lookupcommand_v1,lookup,command,1.0,https://api.fenergox.com/lookupcommand/swagger/1.0/swagger.json,ValidationErrorModelListServiceResponse,data,$.data,#/components/schemas/ValidationErrorModelListServiceResponse/properties/data,data,array,,False,True,,,,object,#/components/schemas/ValidationErrorModel,
lookupcommand_v1,lookup,command,1.0,https://api.fenergox.com/lookupcommand/swagger/1.0/swagger.json,ValidationErrorModelListServiceResponse,data[].propertyName,$.data[*].propertyName,#/components/schemas/ValidationErrorModelListServiceResponse/properties/data/items/properties/propertyName,propertyName,string,,False,True,,,,,,
lookupcommand_v1,lookup,command,1.0,https://api.fenergox.com/lookupcommand/swagger/1.0/swagger.json,ValidationErrorModelListServiceResponse,data[].errorMessage,$.data[*].errorMessage,#/components/schemas/ValidationErrorModelListServiceResponse/properties/data/items/properties/errorMessage,errorMessage,string,,False,True,,,,,,
lookupcommand_v1,lookup,command,1.0,https://api.fenergox.com/lookupcommand/swagger/1.0/swagger.json,ValidationErrorModelListServiceResponse,data[].attemptedValue,$.data[*].attemptedValue,#/components/schemas/ValidationErrorModelListServiceResponse/properties/data/items/properties/attemptedValue,attemptedValue,,,False,True,,,,,,
lookupcommand_v1,lookup,command,1.0,https://api.fenergox.com/lookupcommand/swagger/1.0/swagger.json,ValidationErrorModelListServiceResponse,data[].errorCode,$.data[*].errorCode,#/components/schemas/ValidationErrorModelListServiceResponse/properties/data/items/properties/errorCode,errorCode,string,,False,True,,,,,,
lookupcommand_v1,lookup,command,1.0,https://api.fenergox.com/lookupcommand/swagger/1.0/swagger.json,ValidationErrorModelListServiceResponse,messages,$.messages,#/components/schemas/ValidationErrorModelListServiceResponse/properties/messages,messages,array,,False,True,,,,object,#/components/schemas/ServiceResponseMessage,
lookupcommand_v1,lookup,command,1.0,https://api.fenergox.com/lookupcommand/swagger/1.0/swagger.json,ValidationErrorModelListServiceResponse,messages[].message,$.messages[*].message,#/components/schemas/ValidationErrorModelListServiceResponse/properties/messages/items/properties/message,message,string,,False,True,,,,,,
lookupcommand_v1,lookup,command,1.0,https://api.fenergox.com/lookupcommand/swagger/1.0/swagger.json,ValidationErrorModelListServiceResponse,messages[].type,$.messages[*].type,#/components/schemas/ValidationErrorModelListServiceResponse/properties/messages/items/properties/type,type,string,,False,True,,,,,,
lookupcommand_v1,lookup,command,1.0,https://api.fenergox.com/lookupcommand/swagger/1.0/swagger.json,ValidationErrorModelListServiceResponse,messages[].errorCode,$.messages[*].errorCode,#/components/schemas/ValidationErrorModelListServiceResponse/properties/messages/items/properties/errorCode,errorCode,string,,False,True,,,,,,
